Orthogroup,orths,Gene stable ID version,Transcript stable ID,Transcript stable ID version,Gene name,Gene description,Protein stable ID,Protein stable ID version
OG0000762,ENSDARG00000063475,ENSDARG00000063475.7,ENSDART00000092809,ENSDART00000092809.6,abcg1,"ATP-binding cassette, sub-family G (WHITE), member 1 [Source:ZFIN;Acc:ZDB-GENE-070424-84]",ENSDARP00000087241,ENSDARP00000087241.3
OG0000762,ENSDARG00000061047,ENSDARG00000061047.6,ENSDART00000136586,ENSDART00000136586.2,abcg4a,"ATP-binding cassette, sub-family G (WHITE), member 4a [Source:ZFIN;Acc:ZDB-GENE-050517-39]",NA,NA
OG0000762,ENSDARG00000078068,ENSDARG00000078068.3,ENSDART00000115051,ENSDART00000115051.3,abcg4b,"ATP-binding cassette, sub-family G (WHITE), member 4b [Source:ZFIN;Acc:ZDB-GENE-080215-10]",ENSDARP00000102351,ENSDARP00000102351.1
OG0007584,ENSDARG00000007244,ENSDARG00000007244.8,ENSDART00000173481,ENSDART00000173481.2,acp2,"acid phosphatase 2, lysosomal [Source:ZFIN;Acc:ZDB-GENE-050306-40]",ENSDARP00000142979,ENSDARP00000142979.1
OG0003642,ENSDARG00000043213,ENSDARG00000043213.4,ENSDART00000181587,ENSDART00000181587.1,adam17a,ADAM metallopeptidase domain 17a [Source:ZFIN;Acc:ZDB-GENE-030131-2862],ENSDARP00000147741,ENSDARP00000147741.1
OG0003642,ENSDARG00000093093,ENSDARG00000093093.5,ENSDART00000153339,ENSDART00000153339.2,adam17b,ADAM metallopeptidase domain 17b [Source:ZFIN;Acc:ZDB-GENE-041001-199],ENSDARP00000127197,ENSDARP00000127197.1
OG0011077,ENSDARG00000067549,ENSDARG00000067549.5,ENSDART00000097221,ENSDART00000097221.5,adamts12,"ADAM metallopeptidase with thrombospondin type 1 motif, 12 [Source:ZFIN;Acc:ZDB-GENE-070705-471]",ENSDARP00000087992,ENSDARP00000087992.4
OG0001509,ENSDARG00000040712,ENSDARG00000040712.7,ENSDART00000125552,ENSDART00000125552.3,adprh,ADP-ribosylarginine hydrolase [Source:ZFIN;Acc:ZDB-GENE-040801-190],ENSDARP00000108490,ENSDARP00000108490.2
OG0001509,ENSDARG00000041589,ENSDARG00000041589.7,ENSDART00000060968,ENSDART00000060968.7,adprhl1,ADP-ribosylhydrolase like 1 [Source:NCBI gene;Acc:450012],ENSDARP00000060967,ENSDARP00000060967.5
OG0001823,ENSDARG00000116648,ENSDARG00000116648.1,ENSDART00000192702,ENSDART00000192702.1,alcama,activated leukocyte cell adhesion molecule a [Source:NCBI gene;Acc:30194],ENSDARP00000145027,ENSDARP00000145027.1
OG0001823,ENSDARG00000058538,ENSDARG00000058538.5,ENSDART00000101204,ENSDART00000101204.4,alcamb,activated leukocyte cell adhesion molecule b [Source:ZFIN;Acc:ZDB-GENE-030131-1768],ENSDARP00000091978,ENSDARP00000091978.3
OG0002718,ENSDARG00000013856,ENSDARG00000013856.7,ENSDART00000156259,ENSDART00000156259.2,amy2a,amylase alpha 2A [Source:ZFIN;Acc:ZDB-GENE-040426-2393],NA,NA
OG0000454,ENSDARG00000036809,ENSDARG00000036809.9,ENSDART00000172147,ENSDART00000172147.3,ANPEP,si:ch211-106j24.1 [Source:ZFIN;Acc:ZDB-GENE-130530-595],ENSDARP00000130825,ENSDARP00000130825.1
OG0000454,ENSDARG00000097285,ENSDARG00000097285.3,ENSDART00000155247,ENSDART00000155247.2,ANPEP,si:ch211-147g22.5 [Source:ZFIN;Acc:ZDB-GENE-131127-23],ENSDARP00000128100,ENSDARP00000128100.1
OG0000454,ENSDARG00000103878,ENSDARG00000103878.2,ENSDART00000167730,ENSDART00000167730.2,anpepb,alanyl (membrane) aminopeptidase b [Source:ZFIN;Acc:ZDB-GENE-030131-1253],ENSDARP00000141883,ENSDARP00000141883.1
OG0000058,ENSDARG00000009484,ENSDARG00000009484.9,ENSDART00000109319,ENSDART00000109319.4,arf1,ADP-ribosylation factor 1 [Source:ZFIN;Acc:ZDB-GENE-010724-5],ENSDARP00000102498,ENSDARP00000102498.2
OG0000058,ENSDARG00000014763,ENSDARG00000014763.8,ENSDART00000149762,ENSDART00000149762.3,arf2a,ADP-ribosylation factor 2a [Source:ZFIN;Acc:ZDB-GENE-040122-4],ENSDARP00000124425,ENSDARP00000124425.1
OG0000058,ENSDARG00000016393,ENSDARG00000016393.8,ENSDART00000134750,ENSDART00000134750.2,arf2b,ADP-ribosylation factor 2b [Source:ZFIN;Acc:ZDB-GENE-030131-5234],ENSDARP00000114712,ENSDARP00000114712.1
OG0000058,ENSDARG00000070539,ENSDARG00000070539.7,ENSDART00000103639,ENSDART00000103639.5,arf3a,ADP-ribosylation factor 3a [Source:ZFIN;Acc:ZDB-GENE-040801-176],ENSDARP00000094413,ENSDARP00000094413.3
OG0000058,ENSDARG00000036998,ENSDARG00000036998.4,ENSDART00000053775,ENSDART00000053775.3,arf3b,ADP-ribosylation factor 3b [Source:ZFIN;Acc:ZDB-GENE-030616-356],ENSDARP00000053774,ENSDARP00000053774.2
OG0000058,ENSDARG00000112366,ENSDARG00000112366.1,ENSDART00000172285,ENSDART00000172285.2,arf3b,ADP-ribosylation factor 3b [Source:ZFIN;Acc:ZDB-GENE-030616-356],ENSDARP00000137953,ENSDARP00000137953.1
OG0000058,ENSDARG00000045989,ENSDARG00000045989.5,ENSDART00000067604,ENSDART00000067604.6,arf4a,ADP-ribosylation factor 4a [Source:ZFIN;Acc:ZDB-GENE-040801-109],ENSDARP00000067603,ENSDARP00000067603.5
OG0000058,ENSDARG00000100339,ENSDARG00000100339.2,ENSDART00000166624,ENSDART00000166624.2,arf4b,ADP-ribosylation factor 4b [Source:ZFIN;Acc:ZDB-GENE-050417-205],ENSDARP00000130845,ENSDARP00000130845.2
OG0000058,ENSDARG00000070472,ENSDARG00000070472.6,ENSDART00000103467,ENSDART00000103467.5,arf5,ADP-ribosylation factor 5 [Source:ZFIN;Acc:ZDB-GENE-030910-5],ENSDARP00000094243,ENSDARP00000094243.3
OG0000058,ENSDARG00000113899,ENSDARG00000113899.1,ENSDART00000062143,ENSDART00000062143.3,ARF5,zgc:77650 [Source:ZFIN;Acc:ZDB-GENE-030131-6151],ENSDARP00000062142,ENSDARP00000062142.2
OG0000058,ENSDARG00000115687,ENSDARG00000115687.1,ENSDART00000184031,ENSDART00000184031.1,arf5,ADP-ribosylation factor 5 [Source:ZFIN;Acc:ZDB-GENE-030910-5],ENSDARP00000148419,ENSDARP00000148419.1
OG0003732,ENSDARG00000092503,ENSDARG00000092503.4,ENSDART00000138818,ENSDART00000138818.4,arid1b,AT rich interactive domain 1B (SWI1-like) [Source:ZFIN;Acc:ZDB-GENE-030131-4459],ENSDARP00000119606,ENSDARP00000119606.2
OG0000385,ENSDARG00000008329,ENSDARG00000008329.9,ENSDART00000004588,ENSDART00000004588.7,asic1a,acid-sensing (proton-gated) ion channel 1a [Source:NCBI gene;Acc:791696],ENSDARP00000011782,ENSDARP00000011782.6
OG0000385,ENSDARG00000101866,ENSDARG00000101866.3,ENSDART00000171359,ENSDART00000171359.2,asic1b,acid-sensing (proton-gated) ion channel 1b [Source:NCBI gene;Acc:407672],ENSDARP00000132694,ENSDARP00000132694.1
OG0000385,ENSDARG00000098428,ENSDARG00000098428.2,ENSDART00000159840,ENSDART00000159840.2,asic1c,acid-sensing (proton-gated) ion channel 1c [Source:NCBI gene;Acc:407670],ENSDARP00000136843,ENSDARP00000136843.1
OG0000853,ENSDARG00000043482,ENSDARG00000043482.5,ENSDART00000063834,ENSDART00000063834.5,b3gnt3.1,"UDP-GlcNAc:betaGal beta-1,3-N-acetylglucosaminyltransferase 3, tandem duplicate 1 [Source:ZFIN;Acc:ZDB-GENE-040625-129]",ENSDARP00000063833,ENSDARP00000063833.4
OG0000853,ENSDARG00000054373,ENSDARG00000054373.9,ENSDART00000076561,ENSDART00000076561.6,b3gnt3.2,"UDP-GlcNAc:betaGal beta-1,3-N-acetylglucosaminyltransferase 3, tendem duplicate 2 [Source:ZFIN;Acc:ZDB-GENE-081104-528]",ENSDARP00000071033,ENSDARP00000071033.5
OG0000853,ENSDARG00000093521,ENSDARG00000093521.4,ENSDART00000139285,ENSDART00000139285.2,b3gnt3.3,"UDP-GlcNAc:betaGal beta-1,3-N-acetylglucosaminyltransferase 3, tandem duplicate 3 [Source:ZFIN;Acc:ZDB-GENE-081105-12]",ENSDARP00000120172,ENSDARP00000120172.1
OG0000853,ENSDARG00000058100,ENSDARG00000058100.5,ENSDART00000080875,ENSDART00000080875.4,b3gnt3.4,"UDP-GlcNAc:betaGal beta-1,3-N-acetylglucosaminyltransferase 3, tandem duplicate 4 [Source:ZFIN;Acc:ZDB-GENE-030131-8875]",ENSDARP00000075319,ENSDARP00000075319.3
OG0005697,ENSDARG00000078749,ENSDARG00000078749.6,ENSDART00000145955,ENSDART00000145955.3,b4galnt3a,"beta-1,4-N-acetyl-galactosaminyl transferase 3a [Source:ZFIN;Acc:ZDB-GENE-060503-519]",ENSDARP00000123580,ENSDARP00000123580.2
OG0005697,ENSDARG00000058939,ENSDARG00000058939.9,ENSDART00000110892,ENSDART00000110892.5,b4galnt3b,"beta-1,4-N-acetyl-galactosaminyl transferase 3b [Source:ZFIN;Acc:ZDB-GENE-030131-8615]",ENSDARP00000102026,ENSDARP00000102026.3
OG0001037,ENSDARG00000037009,ENSDARG00000037009.4,ENSDART00000053794,ENSDART00000053794.4,banf1,barrier to autointegration factor 1 [Source:NCBI gene;Acc:334717],ENSDARP00000053793,ENSDARP00000053793.3
OG0009762,ENSDARG00000079015,ENSDARG00000079015.4,ENSDART00000111472,ENSDART00000111472.3,brca2,BRCA2 DNA repair associated [Source:ZFIN;Acc:ZDB-GENE-060510-3],ENSDARP00000099674,ENSDARP00000099674.2
OG0000454,ENSDARG00000115561,ENSDARG00000115561.1,ENSDART00000185380,ENSDART00000185380.1,BX005410.1,si:ch211-106j24.1 [Source:NCBI gene;Acc:555478],ENSDARP00000146920,ENSDARP00000146920.1
OG0000195,ENSDARG00000114306,ENSDARG00000114306.1,ENSDART00000159741,ENSDART00000159741.2,BX248108.1,multidrug and toxin extrusion protein 1-like [Source:NCBI gene;Acc:560089],ENSDARP00000139722,ENSDARP00000139722.1
OG0001196,ENSDARG00000115487,ENSDARG00000115487.1,ENSDART00000183106,ENSDART00000183106.1,BX248330.1,si:dkey-4c23.3 [Source:NCBI gene;Acc:560066],ENSDARP00000148974,ENSDARP00000148974.1
OG0007347,ENSDARG00000113823,ENSDARG00000113823.1,ENSDART00000193309,ENSDART00000193309.1,BX294098.2,intraflagellar transport 140 homolog (Chlamydomonas) [Source:NCBI gene;Acc:553213],ENSDARP00000157147,ENSDARP00000157147.1
OG0007347,ENSDARG00000114399,ENSDARG00000114399.1,ENSDART00000182287,ENSDART00000182287.1,BX322565.1,intraflagellar transport 140 homolog (Chlamydomonas) [Source:NCBI gene;Acc:553213],ENSDARP00000151278,ENSDARP00000151278.1
OG0001196,ENSDARG00000111503,ENSDARG00000111503.1,ENSDART00000185534,ENSDART00000185534.1,BX539332.2,NA,ENSDARP00000154339,ENSDARP00000154339.1
OG0000454,ENSDARG00000110641,ENSDARG00000110641.1,ENSDART00000186173,ENSDART00000186173.1,BX855587.1,si:ch211-276a23.5 [Source:NCBI gene;Acc:555317],ENSDARP00000145802,ENSDARP00000145802.1
OG0000295,ENSDARG00000012694,ENSDARG00000012694.9,ENSDART00000052688,ENSDART00000052688.7,c3a.1,"complement component c3a, duplicate 1 [Source:ZFIN;Acc:ZDB-GENE-990415-35]",ENSDARP00000052687,ENSDARP00000052687.6
OG0000295,ENSDARG00000087359,ENSDARG00000087359.5,ENSDART00000127714,ENSDART00000127714.5,c3a.2,"complement component c3a, duplicate 2 [Source:ZFIN;Acc:ZDB-GENE-990415-36]",ENSDARP00000108724,ENSDARP00000108724.3
OG0000295,ENSDARG00000052207,ENSDARG00000052207.7,ENSDART00000052683,ENSDART00000052683.7,c3a.3,"complement component c3a, duplicate 3 [Source:ZFIN;Acc:ZDB-GENE-990415-37]",ENSDARP00000052682,ENSDARP00000052682.5
OG0000295,ENSDARG00000093198,ENSDARG00000093198.3,ENSDART00000143793,ENSDART00000143793.3,c3a.4,"complement component c3a, duplicate 4 [Source:ZFIN;Acc:ZDB-GENE-140822-3]",ENSDARP00000117916,ENSDARP00000117916.2
OG0000295,ENSDARG00000053462,ENSDARG00000053462.8,ENSDART00000133079,ENSDART00000133079.3,c3a.5,"complement component c3a, duplicate 5 [Source:ZFIN;Acc:ZDB-GENE-090311-30]",ENSDARP00000120827,ENSDARP00000120827.2
OG0000295,ENSDARG00000043719,ENSDARG00000043719.5,ENSDART00000161473,ENSDART00000161473.2,c3a.6,"complement component c3a, duplicate 6 [Source:ZFIN;Acc:ZDB-GENE-041212-2]",ENSDARP00000136143,ENSDARP00000136143.2
OG0003637,ENSDARG00000042172,ENSDARG00000042172.9,ENSDART00000146933,ENSDART00000146933.3,c7a,complement component 7a [Source:ZFIN;Acc:ZDB-GENE-081104-392],ENSDARP00000118698,ENSDARP00000118698.1
OG0003637,ENSDARG00000057121,ENSDARG00000057121.7,ENSDART00000132741,ENSDART00000132741.2,c7b,complement component 7b [Source:ZFIN;Acc:ZDB-GENE-021120-1],ENSDARP00000114284,ENSDARP00000114284.1
OG0003637,ENSDARG00000114734,ENSDARG00000114734.1,ENSDART00000190018,ENSDART00000190018.1,c7b,complement component 7b [Source:ZFIN;Acc:ZDB-GENE-021120-1],ENSDARP00000156736,ENSDARP00000156736.1
OG0001196,ENSDARG00000103451,ENSDARG00000103451.2,ENSDART00000170588,ENSDART00000170588.2,CABZ01042594.1,NA,ENSDARP00000135749,ENSDARP00000135749.2
OG0006758,ENSDARG00000102091,ENSDARG00000102091.2,ENSDART00000172464,ENSDART00000172464.2,CABZ01052576.1,general transcription factor 3C polypeptide 1 [Source:NCBI gene;Acc:100535454],ENSDARP00000134000,ENSDARP00000134000.1
OG0006758,ENSDARG00000099619,ENSDARG00000099619.2,ENSDART00000171654,ENSDART00000171654.2,CABZ01083166.1,NA,ENSDARP00000132798,ENSDARP00000132798.1
OG0001287,ENSDARG00000043661,ENSDARG00000043661.7,ENSDART00000157394,ENSDART00000157394.2,cadpsa,Ca2+-dependent activator protein for secretion a [Source:ZFIN;Acc:ZDB-GENE-030616-525],ENSDARP00000138321,ENSDARP00000138321.1
OG0001287,ENSDARG00000070567,ENSDARG00000070567.6,ENSDART00000186013,ENSDART00000186013.1,cadpsb,Ca2+-dependent activator protein for secretion b [Source:ZFIN;Acc:ZDB-GENE-110621-2],ENSDARP00000147077,ENSDARP00000147077.1
OG0008369,ENSDARG00000063385,ENSDARG00000063385.7,ENSDART00000139438,ENSDART00000139438.2,cenpe,centromere protein E [Source:ZFIN;Acc:ZDB-GENE-060929-860],NA,NA
OG0004072,ENSDARG00000077881,ENSDARG00000077881.5,ENSDART00000111028,ENSDART00000111028.3,chl1a,cell adhesion molecule L1-like a [Source:ZFIN;Acc:ZDB-GENE-090313-201],ENSDARP00000103902,ENSDARP00000103902.3
OG0004072,ENSDARG00000103109,ENSDARG00000103109.3,ENSDART00000169713,ENSDART00000169713.2,chl1b,cell adhesion molecule L1-like b [Source:ZFIN;Acc:ZDB-GENE-091105-1],ENSDARP00000133592,ENSDARP00000133592.1
OG0005761,ENSDARG00000102674,ENSDARG00000102674.2,ENSDART00000161341,ENSDART00000161341.2,ckap5,cytoskeleton associated protein 5 [Source:ZFIN;Acc:ZDB-GENE-051120-174],NA,NA
OG0001448,ENSDARG00000109801,ENSDARG00000109801.1,ENSDART00000184153,ENSDART00000184153.1,CR788324.1,transmembrane protein 168b [Source:NCBI gene;Acc:558640],ENSDARP00000152141,ENSDARP00000152141.1
OG0012467,ENSDARG00000115160,ENSDARG00000115160.1,ENSDART00000186203,ENSDART00000186203.1,CT030019.1,solute carrier family 3 member 1 [Source:NCBI gene;Acc:557757],ENSDARP00000151439,ENSDARP00000151439.1
OG0002745,ENSDARG00000056910,ENSDARG00000056910.6,ENSDART00000079487,ENSDART00000079487.6,CU234171.1,NA,ENSDARP00000073942,ENSDARP00000073942.6
OG0000135,ENSDARG00000039502,ENSDARG00000039502.6,ENSDART00000164533,ENSDART00000164533.2,eef1a1a,eukaryotic translation elongation factor 1 alpha 1a [Source:ZFIN;Acc:ZDB-GENE-030131-8278],ENSDARP00000133540,ENSDARP00000133540.2
OG0000135,ENSDARG00000112222,ENSDARG00000112222.1,ENSDART00000039129,ENSDART00000039129.9,eef1a1b,eukaryotic translation elongation factor 1 alpha 1b [Source:ZFIN;Acc:ZDB-GENE-050417-327],ENSDARP00000029296,ENSDARP00000029296.8
OG0000135,ENSDARG00000020850,ENSDARG00000020850.8,ENSDART00000023156,ENSDART00000023156.7,eef1a1l1,"eukaryotic translation elongation factor 1 alpha 1, like 2 [Source:ZFIN;Acc:ZDB-GENE-050706-188]",ENSDARP00000006339,ENSDARP00000006339.5
OG0000135,ENSDARG00000069951,ENSDARG00000069951.6,ENSDART00000137863,ENSDART00000137863.3,eef1a1l2,"eukaryotic translation elongation factor 1 alpha 1, like 2 [Source:ZFIN;Acc:ZDB-GENE-050706-188]",ENSDARP00000118774,ENSDARP00000118774.1
OG0000135,ENSDARG00000006838,ENSDARG00000006838.7,ENSDART00000010119,ENSDART00000010119.7,eef1a2,eukaryotic translation elongation factor 1 alpha 2 [Source:ZFIN;Acc:ZDB-GENE-040718-64],ENSDARP00000010921,ENSDARP00000010921.6
OG0000135,ENSDARG00000111569,ENSDARG00000111569.1,ENSDART00000180145,ENSDART00000180145.1,eef1a2,eukaryotic translation elongation factor 1 alpha 2 [Source:ZFIN;Acc:ZDB-GENE-040718-64],ENSDARP00000147190,ENSDARP00000147190.1
OG0001781,ENSDARG00000042094,ENSDARG00000042094.8,ENSDART00000187770,ENSDART00000187770.1,eef2a.1,"eukaryotic translation elongation factor 2a, tandem duplicate 1 [Source:ZFIN;Acc:ZDB-GENE-050522-500]",ENSDARP00000148521,ENSDARP00000148521.1
OG0001781,ENSDARG00000112764,ENSDARG00000112764.1,ENSDART00000167488,ENSDART00000167488.2,eef2a.1,"eukaryotic translation elongation factor 2a, tandem duplicate 1 [Source:ZFIN;Acc:ZDB-GENE-050522-500]",ENSDARP00000134993,ENSDARP00000134993.2
OG0001781,ENSDARG00000042065,ENSDARG00000042065.8,ENSDART00000137624,ENSDART00000137624.3,eef2a.2,"eukaryotic translation elongation factor 2a, tandem duplicate 2 [Source:ZFIN;Acc:ZDB-GENE-050208-348]",ENSDARP00000113373,ENSDARP00000113373.1
OG0001781,ENSDARG00000111159,ENSDARG00000111159.1,ENSDART00000036757,ENSDART00000036757.8,eef2a.2,"eukaryotic translation elongation factor 2a, tandem duplicate 2 [Source:ZFIN;Acc:ZDB-GENE-050208-348]",ENSDARP00000031681,ENSDARP00000031681.8
OG0001781,ENSDARG00000100371,ENSDARG00000100371.3,ENSDART00000168497,ENSDART00000168497.2,eef2b,eukaryotic translation elongation factor 2b [Source:ZFIN;Acc:ZDB-GENE-030131-5128],ENSDARP00000131100,ENSDARP00000131100.1
OG0001781,ENSDARG00000109247,ENSDARG00000109247.1,ENSDART00000178596,ENSDART00000178596.2,eef2b,eukaryotic translation elongation factor 2b [Source:ZFIN;Acc:ZDB-GENE-030131-5128],ENSDARP00000143603,ENSDARP00000143603.2
OG0001781,ENSDARG00000035256,ENSDARG00000035256.6,ENSDART00000051081,ENSDART00000051081.5,eef2l2,"eukaryotic translation elongation factor 2, like 2 [Source:ZFIN;Acc:ZDB-GENE-030131-8112]",ENSDARP00000051080,ENSDARP00000051080.4
OG0007954,ENSDARG00000075612,ENSDARG00000075612.6,ENSDART00000134809,ENSDART00000134809.4,ercc6,excision repair cross-complementation group 6 [Source:ZFIN;Acc:ZDB-GENE-070228-1],ENSDARP00000119156,ENSDARP00000119156.2
OG0002300,ENSDARG00000103459,ENSDARG00000103459.3,ENSDART00000171412,ENSDART00000171412.2,evplb,envoplakin b [Source:ZFIN;Acc:ZDB-GENE-030131-212],ENSDARP00000130701,ENSDARP00000130701.1
OG0005097,ENSDARG00000056128,ENSDARG00000056128.7,ENSDART00000141405,ENSDART00000141405.2,fastkd1,FAST kinase domains 1 [Source:ZFIN;Acc:ZDB-GENE-040426-1833],ENSDARP00000118274,ENSDARP00000118274.1
OG0000348,ENSDARG00000042984,ENSDARG00000042984.8,ENSDART00000156958,ENSDART00000156958.2,fpr1,formyl peptide receptor 1 [Source:ZFIN;Acc:ZDB-GENE-121227-2],ENSDARP00000127715,ENSDARP00000127715.1
OG0011063,ENSDARG00000076839,ENSDARG00000076839.6,ENSDART00000102274,ENSDART00000102274.6,ftr86,"finTRIM family, member 86 [Source:ZFIN;Acc:ZDB-GENE-060929-108]",ENSDARP00000093050,ENSDARP00000093050.3
OG0001663,ENSDARG00000100453,ENSDARG00000100453.2,ENSDART00000161353,ENSDART00000161353.2,GALNT10,polypeptide N-acetylgalactosaminyltransferase 10-like [Source:NCBI gene;Acc:103910015],ENSDARP00000132758,ENSDARP00000132758.1
OG0001663,ENSDARG00000103825,ENSDARG00000103825.2,ENSDART00000168703,ENSDART00000168703.2,galnt10,UDP-N-acetyl-alpha-D-galactosamine:polypeptide N-acetylgalactosaminyltransferase 10 (GalNAc-T10) [Source:ZFIN;Acc:ZDB-GENE-030131-595],ENSDARP00000136329,ENSDARP00000136329.1
OG0001663,ENSDARG00000040048,ENSDARG00000040048.8,ENSDART00000139448,ENSDART00000139448.3,GALNTL6,si:ch211-15e22.3 [Source:ZFIN;Acc:ZDB-GENE-090312-115],ENSDARP00000119502,ENSDARP00000119502.1
OG0012202,ENSDARG00000036415,ENSDARG00000036415.9,ENSDART00000124682,ENSDART00000124682.4,glb1,"galactosidase, beta 1 [Source:ZFIN;Acc:ZDB-GENE-050410-9]",ENSDARP00000106759,ENSDARP00000106759.2
OG0000348,ENSDARG00000101366,ENSDARG00000101366.2,ENSDART00000170481,ENSDART00000170481.2,gpr1,G protein-coupled receptor 1 [Source:ZFIN;Acc:ZDB-GENE-091204-457],ENSDARP00000139581,ENSDARP00000139581.1
OG0004038,ENSDARG00000042428,ENSDARG00000042428.7,ENSDART00000147332,ENSDART00000147332.3,gstt1a,glutathione S-transferase theta 1a [Source:ZFIN;Acc:ZDB-GENE-031001-13],ENSDARP00000119211,ENSDARP00000119211.1
OG0004038,ENSDARG00000110738,ENSDARG00000110738.1,ENSDART00000182778,ENSDART00000182778.1,gstt1a,glutathione S-transferase theta 1a [Source:ZFIN;Acc:ZDB-GENE-031001-13],ENSDARP00000157077,ENSDARP00000157077.1
OG0004038,ENSDARG00000017388,ENSDARG00000017388.9,ENSDART00000015841,ENSDART00000015841.9,gstt1b,glutathione S-transferase theta 1b [Source:ZFIN;Acc:ZDB-GENE-040426-1491],ENSDARP00000010116,ENSDARP00000010116.8
OG0004038,ENSDARG00000112401,ENSDARG00000112401.1,ENSDART00000188233,ENSDART00000188233.1,gstt1b,glutathione S-transferase theta 1b [Source:ZFIN;Acc:ZDB-GENE-040426-1491],ENSDARP00000147127,ENSDARP00000147127.1
OG0000107,ENSDARG00000097011,ENSDARG00000097011.3,ENSDART00000113098,ENSDART00000113098.5,hbaa1,"hemoglobin, alpha adult 1 [Source:NCBI gene;Acc:30507]",ENSDARP00000101541,ENSDARP00000101541.3
OG0000107,ENSDARG00000069735,ENSDARG00000069735.5,ENSDART00000101709,ENSDART00000101709.5,hbaa2,"hemoglobin, alpha adult 2 [Source:ZFIN;Acc:ZDB-GENE-081104-38]",ENSDARP00000092484,ENSDARP00000092484.4
OG0000107,ENSDARG00000089475,ENSDARG00000089475.6,ENSDART00000125092,ENSDART00000125092.4,hbae1.1,"hemoglobin, alpha embryonic 1.1 [Source:ZFIN;Acc:ZDB-GENE-980526-80]",ENSDARP00000107930,ENSDARP00000107930.1
OG0000107,ENSDARG00000088330,ENSDARG00000088330.5,ENSDART00000101734,ENSDART00000101734.5,hbae1.3,"hemoglobin, alpha embryonic 1.3 [Source:ZFIN;Acc:ZDB-GENE-061207-39]",ENSDARP00000092510,ENSDARP00000092510.4
OG0000107,ENSDARG00000089124,ENSDARG00000089124.4,ENSDART00000115324,ENSDART00000115324.4,hbae1.3,"hemoglobin, alpha embryonic 1.3 [Source:ZFIN;Acc:ZDB-GENE-061207-39]",ENSDARP00000099639,ENSDARP00000099639.3
OG0000107,ENSDARG00000079305,ENSDARG00000079305.6,ENSDART00000155871,ENSDART00000155871.3,hbae3,hemoglobin alpha embryonic-3 [Source:ZFIN;Acc:ZDB-GENE-990706-3],ENSDARP00000128915,ENSDARP00000128915.1
OG0000107,ENSDARG00000045142,ENSDARG00000045142.7,ENSDART00000149920,ENSDART00000149920.3,hbae5,"hemoglobin, alpha embryonic 5 [Source:ZFIN;Acc:ZDB-GENE-101028-1]",ENSDARP00000124524,ENSDARP00000124524.1
OG0000107,ENSDARG00000116612,ENSDARG00000116612.1,ENSDART00000180827,ENSDART00000180827.1,hbae5,"hemoglobin, alpha embryonic 5 [Source:ZFIN;Acc:ZDB-GENE-101028-1]",ENSDARP00000151839,ENSDARP00000151839.1
OG0000479,ENSDARG00000039452,ENSDARG00000039452.6,ENSDART00000057638,ENSDART00000057638.4,hk1,hexokinase 1 [Source:ZFIN;Acc:ZDB-GENE-040426-2848],ENSDARP00000057637,ENSDARP00000057637.2
OG0000479,ENSDARG00000110447,ENSDARG00000110447.1,ENSDART00000179871,ENSDART00000179871.1,hk1,hexokinase 1 [Source:ZFIN;Acc:ZDB-GENE-040426-2848],ENSDARP00000147352,ENSDARP00000147352.1
OG0000479,ENSDARG00000112051,ENSDARG00000112051.1,ENSDART00000171778,ENSDART00000171778.2,hk1,hexokinase 1 [Source:ZFIN;Acc:ZDB-GENE-040426-2848],ENSDARP00000135551,ENSDARP00000135551.2
OG0000479,ENSDARG00000101482,ENSDARG00000101482.3,ENSDART00000160690,ENSDART00000160690.3,hk2,hexokinase 2 [Source:ZFIN;Acc:ZDB-GENE-040426-2017],ENSDARP00000136161,ENSDARP00000136161.1
OG0000479,ENSDARG00000116757,ENSDARG00000116757.1,ENSDART00000189490,ENSDART00000189490.1,hk2,hexokinase 2 [Source:ZFIN;Acc:ZDB-GENE-040426-2017],ENSDARP00000153889,ENSDARP00000153889.1
OG0000479,ENSDARG00000038703,ENSDARG00000038703.6,ENSDART00000056523,ENSDART00000056523.6,hkdc1,hexokinase domain containing 1 [Source:ZFIN;Acc:ZDB-GENE-030131-9801],ENSDARP00000056522,ENSDARP00000056522.5
OG0000479,ENSDARG00000115664,ENSDARG00000115664.1,ENSDART00000192163,ENSDART00000192163.1,hkdc1,hexokinase domain containing 1 [Source:ZFIN;Acc:ZDB-GENE-030131-9801],ENSDARP00000148391,ENSDARP00000148391.1
OG0003003,ENSDARG00000035872,ENSDARG00000035872.8,ENSDART00000098842,ENSDART00000098842.5,hsd17b12b,hydroxysteroid (17-beta) dehydrogenase 12b [Source:NCBI gene;Acc:322626],ENSDARP00000089612,ENSDARP00000089612.3
OG0007347,ENSDARG00000031886,ENSDARG00000031886.9,ENSDART00000129889,ENSDART00000129889.5,ift140,intraflagellar transport 140 homolog (Chlamydomonas) [Source:ZFIN;Acc:ZDB-GENE-040724-165],ENSDARP00000111859,ENSDARP00000111859.3
OG0002681,ENSDARG00000037917,ENSDARG00000037917.7,ENSDART00000055263,ENSDART00000055263.6,itga3a,"integrin, alpha 3a [Source:ZFIN;Acc:ZDB-GENE-090805-3]",ENSDARP00000055262,ENSDARP00000055262.5
OG0004912,ENSDARG00000087226,ENSDARG00000087226.3,ENSDART00000123741,ENSDART00000123741.3,kbtbd2,kelch repeat and BTB (POZ) domain containing 2 [Source:ZFIN;Acc:ZDB-GENE-060929-1262],ENSDARP00000110552,ENSDARP00000110552.1
OG0012978,ENSDARG00000043970,ENSDARG00000043970.9,ENSDART00000126427,ENSDART00000126427.4,lrpprc,leucine-rich pentatricopeptide repeat containing [Source:ZFIN;Acc:ZDB-GENE-030131-7887],ENSDARP00000111776,ENSDARP00000111776.3
OG0012365,ENSDARG00000054352,ENSDARG00000054352.8,ENSDART00000146752,ENSDART00000146752.2,lrrc9,leucine rich repeat containing 9 [Source:ZFIN;Acc:ZDB-GENE-080917-56],ENSDARP00000113283,ENSDARP00000113283.1
OG0006328,ENSDARG00000075159,ENSDARG00000075159.6,ENSDART00000088403,ENSDART00000088403.7,meltf,melanotransferrin [Source:ZFIN;Acc:ZDB-GENE-050309-40],ENSDARP00000082836,ENSDARP00000082836.5
OG0005130,ENSDARG00000011809,ENSDARG00000011809.9,ENSDART00000136707,ENSDART00000136707.2,mical1,"microtubule associated monooxygenase, calponin and LIM domain containing 1 [Source:NCBI gene;Acc:568573]",ENSDARP00000121526,ENSDARP00000121526.1
OG0011822,ENSDARG00000009825,ENSDARG00000009825.7,ENSDART00000024068,ENSDART00000024068.7,mmp23bb,matrix metallopeptidase 23bb [Source:ZFIN;Acc:ZDB-GENE-050417-448],ENSDARP00000017026,ENSDARP00000017026.6
OG0000809,ENSDARG00000102100,ENSDARG00000102100.3,ENSDART00000167076,ENSDART00000167076.3,mrc1a,"mannose receptor, C type 1a [Source:ZFIN;Acc:ZDB-GENE-090915-4]",ENSDARP00000137226,ENSDARP00000137226.1
OG0000809,ENSDARG00000038822,ENSDARG00000038822.8,ENSDART00000140523,ENSDART00000140523.3,mrc1b,"mannose receptor, C type 1b [Source:ZFIN;Acc:ZDB-GENE-070705-13]",ENSDARP00000116028,ENSDARP00000116028.1
OG0000943,ENSDARG00000021265,ENSDARG00000021265.9,ENSDART00000143184,ENSDART00000143184.2,mybpc2b,"myosin binding protein C, fast type b [Source:ZFIN;Acc:ZDB-GENE-050320-80]",ENSDARP00000115895,ENSDARP00000115895.1
OG0002521,ENSDARG00000061249,ENSDARG00000061249.8,ENSDART00000149721,ENSDART00000149721.2,myom1a,myomesin 1a (skelemin) [Source:ZFIN;Acc:ZDB-GENE-030131-2856],NA,NA
OG0002521,ENSDARG00000104836,ENSDARG00000104836.4,ENSDART00000165253,ENSDART00000165253.2,myom1b,myomesin 1b [Source:ZFIN;Acc:ZDB-GENE-080416-2],ENSDARP00000138459,ENSDARP00000138459.1
OG0003815,ENSDARG00000045620,ENSDARG00000045620.6,ENSDART00000067086,ENSDART00000067086.6,nansa,N-acetylneuraminic acid synthase a [Source:ZFIN;Acc:ZDB-GENE-030131-1500],ENSDARP00000067085,ENSDARP00000067085.5
OG0003815,ENSDARG00000101164,ENSDARG00000101164.2,ENSDART00000169540,ENSDART00000169540.2,nansb,N-acetylneuraminic acid synthase b [Source:ZFIN;Acc:ZDB-GENE-041114-125],ENSDARP00000140177,ENSDARP00000140177.2
OG0011512,ENSDARG00000016345,ENSDARG00000016345.9,ENSDART00000018270,ENSDART00000018270.7,ncoa5,nuclear receptor coactivator 5 [Source:ZFIN;Acc:ZDB-GENE-040912-155],ENSDARP00000014595,ENSDARP00000014595.6
OG0010651,ENSDARG00000070723,ENSDARG00000070723.7,ENSDART00000151863,ENSDART00000151863.2,ndufa9a,NADH:ubiquinone oxidoreductase subunit A9a [Source:ZFIN;Acc:ZDB-GENE-050320-20],NA,NA
OG0010651,ENSDARG00000094312,ENSDARG00000094312.2,ENSDART00000133921,ENSDART00000133921.2,ndufa9b,NADH:ubiquinone oxidoreductase subunit A9b [Source:ZFIN;Acc:ZDB-GENE-091116-31],ENSDARP00000121163,ENSDARP00000121163.1
OG0002745,ENSDARG00000061099,ENSDARG00000061099.7,ENSDART00000086720,ENSDART00000086720.6,nfasca,neurofascin homolog (chicken) a [Source:ZFIN;Acc:ZDB-GENE-080229-6],ENSDARP00000081155,ENSDARP00000081155.5
OG0002745,ENSDARG00000109524,ENSDARG00000109524.1,ENSDART00000183608,ENSDART00000183608.1,nfasca,neurofascin homolog (chicken) a [Source:ZFIN;Acc:ZDB-GENE-080229-6],ENSDARP00000149081,ENSDARP00000149081.1
OG0001676,ENSDARG00000105261,ENSDARG00000105261.2,ENSDART00000169456,ENSDART00000169456.2,nfkb1,nuclear factor of kappa light polypeptide gene enhancer in B-cells 1 [Source:ZFIN;Acc:ZDB-GENE-121204-3],ENSDARP00000131701,ENSDARP00000131701.1
OG0001676,ENSDARG00000038687,ENSDARG00000038687.9,ENSDART00000134122,ENSDART00000134122.3,nfkb2,nuclear factor of kappa light polypeptide gene enhancer in B-cells 2 (p49/p100) [Source:ZFIN;Acc:ZDB-GENE-030131-6701],ENSDARP00000121285,ENSDARP00000121285.1
OG0001676,ENSDARG00000112821,ENSDARG00000112821.1,ENSDART00000184272,ENSDART00000184272.1,nfkb2,nuclear factor of kappa light polypeptide gene enhancer in B-cells 2 (p49/p100) [Source:ZFIN;Acc:ZDB-GENE-030131-6701],ENSDARP00000146897,ENSDARP00000146897.1
OG0002084,ENSDARG00000098272,ENSDARG00000098272.2,ENSDART00000158447,ENSDART00000158447.2,nipbla,NIPBL cohesin loading factor a [Source:NCBI gene;Acc:570900],ENSDARP00000132739,ENSDARP00000132739.1
OG0002084,ENSDARG00000061052,ENSDARG00000061052.7,ENSDART00000086861,ENSDART00000086861.6,nipblb,NIPBL cohesin loading factor b [Source:NCBI gene;Acc:794108],ENSDARP00000081295,ENSDARP00000081295.5
OG0013361,ENSDARG00000099558,ENSDARG00000099558.2,ENSDART00000163348,ENSDART00000163348.2,NPC1L1,NPC1-like 1 [Source:NCBI gene;Acc:100616532],ENSDARP00000133903,ENSDARP00000133903.2
OG0002545,ENSDARG00000058775,ENSDARG00000058775.6,ENSDART00000081707,ENSDART00000081707.6,oct_2,organic cation transporter 2 [Source:ZFIN;Acc:ZDB-GENE-080204-92],ENSDARP00000076146,ENSDARP00000076146.4
OG0002113,ENSDARG00000112388,ENSDARG00000112388.1,ENSDART00000178777,ENSDART00000178777.2,osbpl7,oxysterol binding protein-like 7 [Source:ZFIN;Acc:ZDB-GENE-041010-212],ENSDARP00000143730,ENSDARP00000143730.2
OG0000460,ENSDARG00000010192,ENSDARG00000010192.8,ENSDART00000014350,ENSDART00000014350.7,pax3a,paired box 3a [Source:ZFIN;Acc:ZDB-GENE-980526-52],ENSDARP00000022138,ENSDARP00000022138.5
OG0000460,ENSDARG00000028348,ENSDARG00000028348.9,ENSDART00000015843,ENSDART00000015843.9,pax3b,paired box 3b [Source:ZFIN;Acc:ZDB-GENE-080917-53],ENSDARP00000019112,ENSDARP00000019112.8
OG0000460,ENSDARG00000100398,ENSDARG00000100398.3,ENSDART00000172008,ENSDART00000172008.3,pax7a,paired box 7a [Source:ZFIN;Acc:ZDB-GENE-990415-201],ENSDARP00000138120,ENSDARP00000138120.1
OG0000460,ENSDARG00000111233,ENSDARG00000111233.1,ENSDART00000190654,ENSDART00000190654.1,pax7a,paired box 7a [Source:ZFIN;Acc:ZDB-GENE-990415-201],ENSDARP00000146126,ENSDARP00000146126.1
OG0000460,ENSDARG00000070818,ENSDARG00000070818.5,ENSDART00000167014,ENSDART00000167014.2,pax7b,paired box 7b [Source:ZFIN;Acc:ZDB-GENE-080917-54],ENSDARP00000130205,ENSDARP00000130205.1
OG0002108,ENSDARG00000079756,ENSDARG00000079756.5,ENSDART00000111151,ENSDART00000111151.4,peak1,pseudopodium-enriched atypical kinase 1 [Source:ZFIN;Acc:ZDB-GENE-100422-1],ENSDARP00000103570,ENSDARP00000103570.4
OG0003376,ENSDARG00000062998,ENSDARG00000062998.9,ENSDART00000150144,ENSDART00000150144.2,pglyrp2,peptidoglycan recognition protein 2 [Source:ZFIN;Acc:ZDB-GENE-071227-1],NA,NA
OG0003376,ENSDARG00000103642,ENSDARG00000103642.2,ENSDART00000161451,ENSDART00000161451.2,pglyrp6,peptidoglycan recognition protein 6 [Source:ZFIN;Acc:ZDB-GENE-071227-2],ENSDARP00000136160,ENSDARP00000136160.1
OG0003321,ENSDARG00000051861,ENSDARG00000051861.6,ENSDART00000123211,ENSDART00000123211.3,pkp3a,plakophilin 3a [Source:ZFIN;Acc:ZDB-GENE-060512-114],ENSDARP00000106964,ENSDARP00000106964.1
OG0003321,ENSDARG00000079438,ENSDARG00000079438.6,ENSDART00000113744,ENSDART00000113744.5,pkp3b,plakophilin 3b [Source:ZFIN;Acc:ZDB-GENE-130530-870],ENSDARP00000101802,ENSDARP00000101802.3
OG0008574,ENSDARG00000059982,ENSDARG00000059982.7,ENSDART00000135072,ENSDART00000135072.3,poc5,POC5 centriolar protein homolog (Chlamydomonas) [Source:ZFIN;Acc:ZDB-GENE-060526-135],ENSDARP00000121737,ENSDARP00000121737.1
OG0002859,ENSDARG00000043806,ENSDARG00000043806.7,ENSDART00000134176,ENSDART00000134176.2,postna,"periostin, osteoblast specific factor a [Source:ZFIN;Acc:ZDB-GENE-091113-23]",ENSDARP00000118693,ENSDARP00000118693.1
OG0002859,ENSDARG00000104267,ENSDARG00000104267.3,ENSDART00000167515,ENSDART00000167515.2,postnb,"periostin, osteoblast specific factor b [Source:ZFIN;Acc:ZDB-GENE-030131-9120]",ENSDARP00000141296,ENSDARP00000141296.1
OG0013516,ENSDARG00000103856,ENSDARG00000103856.2,ENSDART00000162431,ENSDART00000162431.2,ptcd3,pentatricopeptide repeat domain 3 [Source:NCBI gene;Acc:553325],ENSDARP00000135512,ENSDARP00000135512.1
OG0000058,ENSDARG00000073876,ENSDARG00000073876.4,ENSDART00000184710,ENSDART00000184710.1,si:ch1073-165f9.2,si:ch1073-165f9.2 [Source:ZFIN;Acc:ZDB-GENE-141216-228],ENSDARP00000149907,ENSDARP00000149907.1
OG0004928,ENSDARG00000091411,ENSDARG00000091411.4,ENSDART00000146210,ENSDART00000146210.2,si:ch211-214p13.9,si:ch211-214p13.9 [Source:ZFIN;Acc:ZDB-GENE-060503-213],ENSDARP00000121114,ENSDARP00000121114.1
OG0004372,ENSDARG00000096445,ENSDARG00000096445.2,ENSDART00000151991,ENSDART00000151991.2,si:ch211-214p16.3,si:ch211-214p16.3 [Source:ZFIN;Acc:ZDB-GENE-120709-93],NA,NA
OG0000454,ENSDARG00000089706,ENSDARG00000089706.4,ENSDART00000128183,ENSDART00000128183.4,si:ch211-276a23.5,si:ch211-276a23.5 [Source:ZFIN;Acc:ZDB-GENE-141215-4],ENSDARP00000107543,ENSDARP00000107543.1
OG0000107,ENSDARG00000079078,ENSDARG00000079078.6,ENSDART00000110848,ENSDART00000110848.3,si:ch211-5k11.8,si:ch211-5k11.8 [Source:ZFIN;Acc:ZDB-GENE-131121-640],ENSDARP00000100779,ENSDARP00000100779.1
OG0001037,ENSDARG00000094230,ENSDARG00000094230.4,ENSDART00000131225,ENSDART00000131225.3,si:dkey-211g8.4,si:dkey-211g8.4 [Source:ZFIN;Acc:ZDB-GENE-060503-624],ENSDARP00000118510,ENSDARP00000118510.2
OG0000135,ENSDARG00000071727,ENSDARG00000071727.4,ENSDART00000106272,ENSDART00000106272.4,si:dkey-37o8.1,si:dkey-37o8.1 [Source:ZFIN;Acc:ZDB-GENE-030131-5667],ENSDARP00000097050,ENSDARP00000097050.3
OG0001196,ENSDARG00000092028,ENSDARG00000092028.2,ENSDART00000147643,ENSDART00000147643.2,si:dkey-4c23.3,si:dkey-4c23.3 [Source:ZFIN;Acc:ZDB-GENE-050208-668],ENSDARP00000120763,ENSDARP00000120763.1
OG0001196,ENSDARG00000110418,ENSDARG00000110418.1,ENSDART00000193426,ENSDART00000193426.1,si:dkey-4c23.3,si:dkey-4c23.3 [Source:ZFIN;Acc:ZDB-GENE-050208-668],ENSDARP00000156030,ENSDARP00000156030.1
OG0000385,ENSDARG00000105115,ENSDARG00000105115.2,ENSDART00000161215,ENSDART00000161215.2,si:dkey-57c15.1,si:dkey-57c15.1 [Source:ZFIN;Acc:ZDB-GENE-050208-723],ENSDARP00000131601,ENSDARP00000131601.1
OG0000170,ENSDARG00000089966,ENSDARG00000089966.3,ENSDART00000056089,ENSDART00000056089.6,si:zfos-1505d6.3,si:zfos-1505d6.3 [Source:ZFIN;Acc:ZDB-GENE-120214-22],ENSDARP00000056088,ENSDARP00000056088.5
OG0002545,ENSDARG00000030530,ENSDARG00000030530.7,ENSDART00000048890,ENSDART00000048890.7,slc22a2,solute carrier family 22 member 2 [Source:ZFIN;Acc:ZDB-GENE-040426-2167],ENSDARP00000048889,ENSDARP00000048889.5
OG0000233,ENSDARG00000094112,ENSDARG00000094112.3,ENSDART00000188242,ENSDART00000188242.1,slc22a21,solute carrier family 22 member 21 [Source:ZFIN;Acc:ZDB-GENE-091118-62],ENSDARP00000152461,ENSDARP00000152461.1
OG0000233,ENSDARG00000005335,ENSDARG00000005335.9,ENSDART00000145081,ENSDART00000145081.3,slc22a4,solute carrier family 22 member 4 [Source:ZFIN;Acc:ZDB-GENE-040426-1517],NA,NA
OG0000233,ENSDARG00000101021,ENSDARG00000101021.2,ENSDART00000160391,ENSDART00000160391.2,slc22a5,solute carrier family 22 member 5 [Source:ZFIN;Acc:ZDB-GENE-091012-1],ENSDARP00000137087,ENSDARP00000137087.1
OG0000195,ENSDARG00000046012,ENSDARG00000046012.9,ENSDART00000133604,ENSDART00000133604.3,slc47a1,solute carrier family 47 member 1 [Source:ZFIN;Acc:ZDB-GENE-050327-20],ENSDARP00000118758,ENSDARP00000118758.1
OG0000195,ENSDARG00000060051,ENSDARG00000060051.6,ENSDART00000084237,ENSDART00000084237.5,slc47a2.1,solute carrier family 47 member 2.1 [Source:NCBI gene;Acc:560024],ENSDARP00000078672,ENSDARP00000078672.4
OG0000195,ENSDARG00000074561,ENSDARG00000074561.5,ENSDART00000155352,ENSDART00000155352.2,slc47a3,solute carrier family 47 member 3 [Source:ZFIN;Acc:ZDB-GENE-130530-755],ENSDARP00000128744,ENSDARP00000128744.1
OG0000195,ENSDARG00000079340,ENSDARG00000079340.4,ENSDART00000087632,ENSDART00000087632.5,slc47a4,solute carrier family 47 member 4 [Source:ZFIN;Acc:ZDB-GENE-130530-865],ENSDARP00000082066,ENSDARP00000082066.3
OG0002454,ENSDARG00000052330,ENSDARG00000052330.8,ENSDART00000149711,ENSDART00000149711.3,slc4a2b,solute carrier family 4 member 2b [Source:ZFIN;Acc:ZDB-GENE-030429-14],ENSDARP00000124693,ENSDARP00000124693.1
OG0006051,ENSDARG00000042737,ENSDARG00000042737.7,ENSDART00000189724,ENSDART00000189724.1,slc52a3,solute carrier family 52 member 3 [Source:NCBI gene;Acc:678609],ENSDARP00000145645,ENSDARP00000145645.1
OG0000236,ENSDARG00000068387,ENSDARG00000068387.5,ENSDART00000167100,ENSDART00000167100.2,slc6a18,solute carrier family 6 member 18 [Source:ZFIN;Acc:ZDB-GENE-080219-9],ENSDARP00000131681,ENSDARP00000131681.1
OG0000236,ENSDARG00000091560,ENSDARG00000091560.3,ENSDART00000121462,ENSDART00000121462.3,slc6a19a.2,"solute carrier family 6 member 19a, tandem duplicate 2 [Source:ZFIN;Acc:ZDB-GENE-141210-16]",ENSDARP00000104717,ENSDARP00000104717.1
OG0000236,ENSDARG00000056719,ENSDARG00000056719.6,ENSDART00000079248,ENSDART00000079248.6,slc6a19b,solute carrier family 6 member 19b [Source:ZFIN;Acc:ZDB-GENE-030131-4755],ENSDARP00000073704,ENSDARP00000073704.5
OG0001120,ENSDARG00000074287,ENSDARG00000074287.5,ENSDART00000114316,ENSDART00000114316.5,sptlc2b,"serine palmitoyltransferase, long chain base subunit 2b [Source:ZFIN;Acc:ZDB-GENE-080305-8]",ENSDARP00000103258,ENSDARP00000103258.2
OG0001120,ENSDARG00000030743,ENSDARG00000030743.9,ENSDART00000134573,ENSDART00000134573.2,sptlc3,"serine palmitoyltransferase, long chain base subunit 3 [Source:ZFIN;Acc:ZDB-GENE-041210-281]",ENSDARP00000116719,ENSDARP00000116719.1
OG0003603,ENSDARG00000056833,ENSDARG00000056833.7,ENSDART00000098727,ENSDART00000098727.4,svopa,SV2 related protein a [Source:ZFIN;Acc:ZDB-GENE-060526-336],ENSDARP00000089497,ENSDARP00000089497.3
OG0003603,ENSDARG00000014951,ENSDARG00000014951.9,ENSDART00000049178,ENSDART00000049178.5,svopb,SV2 related protein b [Source:ZFIN;Acc:ZDB-GENE-070705-359],ENSDARP00000049177,ENSDARP00000049177.4
OG0010097,ENSDARG00000036505,ENSDARG00000036505.6,ENSDART00000045479,ENSDART00000045479.7,syt4,synaptotagmin IV [Source:ZFIN;Acc:ZDB-GENE-030131-7297],ENSDARP00000045478,ENSDARP00000045478.6
OG0007789,ENSDARG00000074168,ENSDARG00000074168.7,ENSDART00000174039,ENSDART00000174039.2,tasor2,transcription activation suppressor family member 2 [Source:ZFIN;Acc:ZDB-GENE-041111-225],ENSDARP00000143046,ENSDARP00000143046.1
OG0013979,ENSDARG00000035633,ENSDARG00000035633.9,ENSDART00000051669,ENSDART00000051669.8,tctn2,tectonic family member 2 [Source:ZFIN;Acc:ZDB-GENE-030131-751],ENSDARP00000051668,ENSDARP00000051668.7
OG0007270,ENSDARG00000074756,ENSDARG00000074756.6,ENSDART00000150209,ENSDART00000150209.3,tfb2m,"transcription factor B2, mitochondrial [Source:ZFIN;Acc:ZDB-GENE-070521-3]",ENSDARP00000123820,ENSDARP00000123820.1
OG0001448,ENSDARG00000068705,ENSDARG00000068705.7,ENSDART00000184175,ENSDART00000184175.1,tmem168a,transmembrane protein 168a [Source:NCBI gene;Acc:100034546],ENSDARP00000153111,ENSDARP00000153111.1
OG0001448,ENSDARG00000062168,ENSDARG00000062168.6,ENSDART00000089596,ENSDART00000089596.6,tmem168b,transmembrane protein 168b [Source:ZFIN;Acc:ZDB-GENE-090406-3],ENSDARP00000084029,ENSDARP00000084029.4
OG0000243,ENSDARG00000042115,ENSDARG00000042115.8,ENSDART00000122526,ENSDART00000122526.4,tmem198a,transmembrane protein 198a [Source:ZFIN;Acc:ZDB-GENE-070912-716],ENSDARP00000109259,ENSDARP00000109259.2
OG0000243,ENSDARG00000034685,ENSDARG00000034685.9,ENSDART00000043522,ENSDART00000043522.7,tmem198b,transmembrane protein 198b [Source:NCBI gene;Acc:564608],ENSDARP00000043521,ENSDARP00000043521.5
OG0000243,ENSDARG00000111728,ENSDARG00000111728.1,ENSDART00000185708,ENSDART00000185708.1,tmem198b,transmembrane protein 198b [Source:NCBI gene;Acc:564608],ENSDARP00000155265,ENSDARP00000155265.1
OG0001257,ENSDARG00000037559,ENSDARG00000037559.7,ENSDART00000133131,ENSDART00000133131.2,uba1,ubiquitin-like modifier activating enzyme 1 [Source:ZFIN;Acc:ZDB-GENE-040426-2009],ENSDARP00000119427,ENSDARP00000119427.1
OG0001257,ENSDARG00000061222,ENSDARG00000061222.7,ENSDART00000180913,ENSDART00000180913.1,uba7,ubiquitin-like modifier activating enzyme 7 [Source:ZFIN;Acc:ZDB-GENE-121120-4],ENSDARP00000147332,ENSDARP00000147332.1
OG0001547,ENSDARG00000036833,ENSDARG00000036833.6,ENSDART00000133464,ENSDART00000133464.2,upp2,uridine phosphorylase 2 [Source:ZFIN;Acc:ZDB-GENE-040426-830],NA,NA
OG0010204,ENSDARG00000071197,ENSDARG00000071197.5,ENSDART00000105098,ENSDART00000105098.5,usp40,ubiquitin specific peptidase 40 [Source:ZFIN;Acc:ZDB-GENE-060518-5],ENSDARP00000095869,ENSDARP00000095869.4
OG0001196,ENSDARG00000092233,ENSDARG00000092233.3,ENSDART00000144969,ENSDART00000144969.3,vtg1,vitellogenin 1 [Source:ZFIN;Acc:ZDB-GENE-001201-1],NA,NA
OG0001196,ENSDARG00000113631,ENSDARG00000113631.1,ENSDART00000190185,ENSDART00000190185.1,vtg1,vitellogenin 1 [Source:ZFIN;Acc:ZDB-GENE-001201-1],ENSDARP00000146600,ENSDARP00000146600.1
OG0001196,ENSDARG00000055809,ENSDARG00000055809.7,ENSDART00000061165,ENSDART00000061165.7,vtg2,vitellogenin 2 [Source:ZFIN;Acc:ZDB-GENE-001201-2],ENSDARP00000061164,ENSDARP00000061164.5
OG0001196,ENSDARG00000111529,ENSDARG00000111529.1,ENSDART00000181205,ENSDART00000181205.1,vtg2,vitellogenin 2 [Source:ZFIN;Acc:ZDB-GENE-001201-2],ENSDARP00000148221,ENSDARP00000148221.1
OG0001196,ENSDARG00000114568,ENSDARG00000114568.1,ENSDART00000183905,ENSDART00000183905.1,vtg2,vitellogenin 2 [Source:ZFIN;Acc:ZDB-GENE-001201-2],ENSDARP00000146007,ENSDARP00000146007.1
OG0001196,ENSDARG00000078429,ENSDARG00000078429.6,ENSDART00000144787,ENSDART00000144787.2,vtg4,vitellogenin 4 [Source:ZFIN;Acc:ZDB-GENE-001201-3],NA,NA
OG0001196,ENSDARG00000116698,ENSDARG00000116698.1,ENSDART00000185667,ENSDART00000185667.1,vtg4,vitellogenin 4 [Source:ZFIN;Acc:ZDB-GENE-001201-3],ENSDARP00000155970,ENSDARP00000155970.1
OG0001196,ENSDARG00000092126,ENSDARG00000092126.4,ENSDART00000134511,ENSDART00000134511.2,vtg5,vitellogenin 5 [Source:ZFIN;Acc:ZDB-GENE-001201-4],NA,NA
OG0001196,ENSDARG00000113031,ENSDARG00000113031.1,ENSDART00000183214,ENSDART00000183214.1,vtg5,vitellogenin 5 [Source:ZFIN;Acc:ZDB-GENE-001201-4],ENSDARP00000146270,ENSDARP00000146270.1
OG0001196,ENSDARG00000114847,ENSDARG00000114847.1,ENSDART00000182739,ENSDART00000182739.1,vtg6,vitellogenin 6 [Source:ZFIN;Acc:ZDB-GENE-001201-5],ENSDARP00000150799,ENSDARP00000150799.1
OG0001196,ENSDARG00000092419,ENSDARG00000092419.3,ENSDART00000138378,ENSDART00000138378.3,vtg7,vitellogenin 7 [Source:ZFIN;Acc:ZDB-GENE-001201-6],ENSDARP00000114558,ENSDARP00000114558.1
OG0001196,ENSDARG00000112466,ENSDARG00000112466.1,ENSDART00000114647,ENSDART00000114647.4,vtg7,vitellogenin 7 [Source:ZFIN;Acc:ZDB-GENE-001201-6],ENSDARP00000102472,ENSDARP00000102472.4
OG0001196,ENSDARG00000113334,ENSDARG00000113334.1,ENSDART00000184759,ENSDART00000184759.1,vtg7,vitellogenin 7 [Source:ZFIN;Acc:ZDB-GENE-001201-6],ENSDARP00000153660,ENSDARP00000153660.1
OG0000240,ENSDARG00000077874,ENSDARG00000077874.7,ENSDART00000136916,ENSDART00000136916.5,vwa10.1,"von Willebrand factor A domain containing 10, tandem duplicate 1 [Source:ZFIN;Acc:ZDB-GENE-090313-291]",ENSDARP00000123673,ENSDARP00000123673.2
OG0000240,ENSDARG00000069710,ENSDARG00000069710.7,ENSDART00000146119,ENSDART00000146119.2,vwa10.2,"von Willebrand factor A domain containing 10, tandem duplicate 2 [Source:ZFIN;Acc:ZDB-GENE-090313-295]",ENSDARP00000118836,ENSDARP00000118836.1
OG0000240,ENSDARG00000098805,ENSDARG00000098805.2,ENSDART00000166912,ENSDART00000166912.2,vwa11,von Willebrand factor A domain containing 11 [Source:ZFIN;Acc:ZDB-GENE-141211-58],ENSDARP00000137783,ENSDARP00000137783.1
OG0000058,ENSDARG00000074210,ENSDARG00000074210.4,ENSDART00000089963,ENSDART00000089963.6,zgc:110286,zgc:110286 [Source:ZFIN;Acc:ZDB-GENE-050417-68],ENSDARP00000084396,ENSDARP00000084396.5
OG0002718,ENSDARG00000030357,ENSDARG00000030357.7,ENSDART00000142929,ENSDART00000142929.2,zgc:66313,zgc:66313 [Source:ZFIN;Acc:ZDB-GENE-040426-1606],ENSDARP00000116065,ENSDARP00000116065.1
OG0000058,ENSDARG00000115509,ENSDARG00000115509.1,ENSDART00000190607,ENSDART00000190607.1,zgc:77650,zgc:77650 [Source:ZFIN;Acc:ZDB-GENE-030131-6151],ENSDARP00000155182,ENSDARP00000155182.1
OG0000058,ENSDARG00000115534,ENSDARG00000115534.1,ENSDART00000188727,ENSDART00000188727.1,zgc:77650,zgc:77650 [Source:ZFIN;Acc:ZDB-GENE-030131-6151],ENSDARP00000154794,ENSDARP00000154794.1
OG0002718,ENSDARG00000009443,ENSDARG00000009443.5,ENSDART00000024558,ENSDART00000024558.5,zgc:92137,zgc:92137 [Source:ZFIN;Acc:ZDB-GENE-040801-179],ENSDARP00000014921,ENSDARP00000014921.3
OG0000170,ENSDARG00000086352,ENSDARG00000086352.5,ENSDART00000099360,ENSDART00000099360.5,zp2.1,"zona pellucida glycoprotein 2, tandem duplicate 1 [Source:ZFIN;Acc:ZDB-GENE-991129-5]",ENSDARP00000090133,ENSDARP00000090133.4
OG0000170,ENSDARG00000105346,ENSDARG00000105346.2,ENSDART00000173347,ENSDART00000173347.2,zp2.2,"zona pellucida glycoprotein 2, tandem duplicate 2 [Source:ZFIN;Acc:ZDB-GENE-010622-1]",ENSDARP00000142252,ENSDARP00000142252.1
OG0000170,ENSDARG00000090237,ENSDARG00000090237.5,ENSDART00000074085,ENSDART00000074085.7,zp2.3,"zona pellucida glycoprotein 2, tandem duplicate 3 [Source:ZFIN;Acc:ZDB-GENE-010622-2]",ENSDARP00000068574,ENSDARP00000068574.5
OG0000170,ENSDARG00000086522,ENSDARG00000086522.3,ENSDART00000024598,ENSDART00000024598.9,zp2.5,"zona pellucida glycoprotein 2, tandem duplicate 5 [Source:ZFIN;Acc:ZDB-GENE-090306-1]",ENSDARP00000002544,ENSDARP00000002544.8
OG0000170,ENSDARG00000091409,ENSDARG00000091409.3,ENSDART00000121661,ENSDART00000121661.3,zp2.6,"zona pellucida glycoprotein 2, tandem duplicate 6 [Source:ZFIN;Acc:ZDB-GENE-090306-2]",ENSDARP00000109385,ENSDARP00000109385.2
OG0000170,ENSDARG00000055415,ENSDARG00000055415.4,ENSDART00000077745,ENSDART00000077745.4,zp2l1,"zona pellucida glycoprotein 2, like 1 [Source:ZFIN;Acc:ZDB-GENE-060818-3]",ENSDARP00000072211,ENSDARP00000072211.3
OG0000170,ENSDARG00000110573,ENSDARG00000110573.1,ENSDART00000191685,ENSDART00000191685.1,zp2l1,"zona pellucida glycoprotein 2, like 1 [Source:ZFIN;Acc:ZDB-GENE-060818-3]",ENSDARP00000154507,ENSDARP00000154507.1
OG0000170,ENSDARG00000004898,ENSDARG00000004898.9,ENSDART00000065475,ENSDART00000065475.6,zp2l2,"zona pellucida glycoprotein 2, like 2 [Source:ZFIN;Acc:ZDB-GENE-060818-4]",ENSDARP00000065474,ENSDARP00000065474.5